{"9999": {"Name": "Jill Jones", "C": 428.78, "S": 62.31}, "1234": {"Name": "Brit Masters", "C": 100008.62, "S": 2072.07}, "4825": {"Name": "Jerry Seinfeld", "C": 4862.62, "S": 242896.66}, "6376": {"Name": "Brittany Spears", "C": 0.0, "S": 46237.99}, "9070": {"Name": "Marty McFly", "C": 1938.3, "S": 467.43}, "2153": {"Name": "Cindy Chase", "C": 253.0, "S": 900.71}, "9256": {"Name": "Mary Bertolli", "C": 9246.32, "S": 11111.65}, "8376": {"Name": "Brandon Lee", "C": 689.11, "S": 2020.7}, "6782": {"Name": "Sherlock Holmes", "C": 500.23, "S": 3922.07}, "1566": {"Name": "Tony Stark", "C": 583428.62, "S": 4970876.89}}